"label","batch","species","mean"
0.233457662984106,0.0615295437086569,"0",0.0138452684561366
0.280269258306485,0.0432524152404826,"11",0.0221534179418899
0.318971278429787,0.0323186203876487,"12",0.0162400248245253
0.25598939357416,0.0425774033553296,"17",0.035430262209293
0.25318147926823,0.0446291959164601,"23",0.0226409267669251
0.222923370370168,0.00310186104127141,"24",0.00527940367203842
0.266479327184697,0.0404588775960854,"26",0.0124518268572178
0.313369915010025,0.0185494663106605,"27",0.0317817013397882
0.222731259996737,0.0181730257552851,"28",0.00439127730044373
0.259555720746967,0.0411256251804826,"30",0.0179750529632931
0.292234080694306,0.0342875084358408,"34",0.0284081997723231
0.224038833017692,0.00639033649451048,"42",0.0124072837465932
0.314701191965117,0.0170043286712838,"43",0.0122584243995654
0.257145700357344,0.0570263806371814,"46",0.013094138759889
0.255504865453904,0.00552733417565954,"322",0.00162647787334147
0.205048321723302,0.0236182417654862,"339",0.00515023736866192
0.276492110525776,0.217486239601758,"509",0.000392512784998235
0.255140540573966,0.0110102963391649,"527",0.00262848516452001
0.213165650832829,0.0541838964199313,"529",0.00994522822044249
0.208066762251329,0.0987212383547649,"631",0.0026485986852071
0.227478057511445,0.151624153645437,"783",0.0129622601266297
0.220188691287701,0.00362040681474862,"897",0.000803980122688829
0.254533645959717,0.219771201547967,"920",0.000603382321196046
0.221455128888946,0.139294499858967,"1035",0.00695634308582188
0.238965288881432,0.047165681554896,"1117",0.00539421165368319
0.30073178170732,0.177342491482236,"1332",0.00126712578613513
0.202527105566698,0.180824087670637,"1591",0.0189745501812869
0.335044142104855,0.182809842287251,"1659",0.00084258238343422
0.26093884617694,0.0435650013818528,"1851",0.122706336263759
0.286922637907622,0.0903015054411487,"1883",0.0028855168039261
0.275325863731799,0.0215345991101974,"1936",0.00317755452005515
0.226977547609662,0.091287874116381,"2071",0.00314880256873669
0.202635642778016,0.0765250918742583,"2104",0.0103370819554335
0.332745808861506,0.0323631905304462,"2148",0.00449561423616979
0.209458285481554,0.032717832132932,"2417",0.0400222995542169
0.370547925179598,0.150561205561412,"2665",0.00162183096976046
0.298594216429569,0.0169459451284156,"2708",0.0373958594721302
0.20433741881738,0.153291070667973,"2788",0.00339909258278376
0.276390325795685,0.158875670530046,"2837",0.00435255055540496
0.285361703780435,0.265574155220078,"2958",0.00263600436334395
0.203748655717545,0.0672120303160871,"3349",0.010739500689208
0.235258879205411,0.0127470333233153,"3498",0.00315876193943023
0.232930599584445,0.0871881818740012,"3642",0.00973944881317839
0.221840958014085,0.0411396980355352,"3700",0.0376182420110084
0.24224642784912,0.10402930089672,"3819",0.00115872154213783
0.286683007811114,0.133447829446235,"3888",0.0250630400924077
0.214310856546913,0.183959769367495,"3942",0.00317240551649247
0.221006096399482,0.00428830176836392,"4270",0.00172608269108438
0.229798856511553,0.0538370584678859,"4282",0.0649615827763985
0.288945165637478,0.251183257733237,"4421",0.0021219191731596
0.225528199474459,0.065797795937614,"4475",0.0453787586949071
0.247887421046989,0.0323567010026672,"4498",0.0375097586532514
0.214405469109959,0.118521227837564,"4503",0.0029902740699008
0.259611092079437,0.0306934641617972,"4854",0.06613612048796
0.202826590049505,0.0951586243358576,"4923",0.00888515135429157
0.201526415118865,0.018408197168185,"4992",0.0196265461979125
0.206572053210748,0.145118499230934,"5095",0.0333046938617683
0.213283240895579,0.0396629505857725,"5162",0.00836039112600207
0.210439271244834,0.0126700168632612,"5257",0.00203831774766448
0.214301193744886,0.167345212409844,"5495",0.00195136063196366
0.271482464150367,0.0589413993632084,"5892",0.0503583547873902
0.248048531917502,0.00478857984659053,"6121",0.0037384704244719
0.268699258950976,0.220212436107421,"6148",0.00115549778323748
0.321455793963722,0.269201683863338,"6149",0.00668049967567234
0.277565279257892,0.0299632045456002,"6204",0.0269876325781483
0.30055684425999,0.147744499115914,"6214",0.0012617727843035
0.339062315944705,0.156904358202511,"6437",0.0165734839879777
0.220974767976476,0.114804085929878,"6619",0.00627903788986791
0.263841060210421,0.0664578447911172,"6728",0.0149735284462084
0.215172962563672,0.0774830306631856,"6848",0.00520895647046883
0.244888712461418,0.119347625193535,"7061",0.0301629823320387
0.216134059046049,0.0643366980562706,"7179",0.00894421091093776
0.252237118585301,0.137614040742961,"7237",0.00125175599015947
0.227917841950149,0.037765222480871,"7256",0.00829707339879442
0.211097951981607,0.021252287328461,"7274",0.0325933253626517
0.250604548824181,0.115007202559837,"7353",0.00655765533128654
0.274871291007783,0.085200125886528,"7363",0.0124484210780231
0.205736409424752,0.150533472577279,"7447",0.00873647818990908
0.220991990606912,0.0665103347179268,"7460",0.0259081450013708
0.224223317428184,0.0915969365631847,"7778",0.00818528062545164
0.35927140096408,0.174656396363009,"7903",0.00144681624766593
0.2425692777058,0.163980955014036,"8204",0.000880283520884655
0.299781545901544,0.112599492752693,"8238",0.0165439764757216
0.203439902078536,0.057441488611246,"8336",0.04860028640849
0.290364319126622,0.0133656462851363,"8475",0.032626374814334
0.213916450315882,0.167881290462439,"8525",0.00410980727718783
0.212097932955718,0.0419848388203606,"8606",0.00297058886590116
0.250316333208031,0.0129718165717804,"8681",0.00262166937238117
0.209229183538246,0.0383664380754623,"8731",0.0140934258494117
0.334040000951823,0.158293712966625,"8812",0.0111397606422157
0.245742290426184,0.118021072610415,"8939",0.000985362884604753
0.207804285889322,0.178694486236079,"8950",0.00536819600599502
0.213532901090448,0.104345037976732,"9017",0.0533412303853279
0.251318867009324,0.0780286419636765,"9042",0.00300432205092906
0.222460233141436,0.174461290056918,"9067",0.00630172919449531
0.264314734435879,0.0505379146432321,"9163",0.00470970099324991
0.206953095463089,0.143235924780989,"9295",0.00271486649726227
0.278424731833611,0.0363165919224924,"9384",0.0123252038215408
0.235041193987434,0.210740733438633,"9452",0.00192397927112741
0.20349250545704,0.0932568581601041,"9510",0.00619354333159415
0.269309740621922,0.138161458622984,"9791",0.00131054640413966
0.206965801555063,0.0476792421588365,"9794",0.0654948774311218
0.227687777870316,0.143627319321582,"9864",0.00121542502040006
0.248509862537223,0.0407848545838005,"9916",0.0130412382981914
0.268028581451476,0.0976243117874018,"9938",0.00223633695162226
0.258631287168689,0.139691628269746,"10021",0.00163995408205866
0.216066788791924,0.0307428939858015,"10050",0.00692905368164074
0.224025845892976,0.111979247125123,"10124",0.00192475328757979
0.273396914122995,0.239172909125839,"10206",0.00649787657803924
0.251482597927821,0.14713453180228,"10267",0.0355031191108984
0.269320911767577,0.250339221182517,"10326",0.00565336885750118
0.207878137559238,0.144387744928722,"10484",0.0082773774066533
0.294696992801462,0.155561831210998,"10494",0.00166756336459737
0.227691848217939,0.075533518349311,"10516",0.0013187217580022
0.255784876100496,0.212078356063319,"10663",0.000781277075746562
0.223736436692885,0.165947224482548,"10807",0.00549635088560048
0.210786957098739,0.0547511983582719,"10835",0.00867250171569068
0.317565587904633,0.0579710362261733,"10990",0.00642447592638038
0.268416756051723,0.016081646689977,"11024",0.0304298355229169
0.239048180674265,0.216344184502479,"11049",0.0165891417477469
0.292659198945483,0.16422935151988,"11109",0.00198347041230115
0.223045930990065,0.0517289426310877,"11157",0.0114907041302973
0.26942066911765,0.191284096641778,"11230",0.00384179542739982
0.310209139135317,0.15873822190576,"11310",0.00288896955874015
0.2263935587312,0.0098093632107471,"11508",0.0261365735025192
0.275783148718769,0.273179726496976,"11560",0.000594048742940432
0.205613170302666,0.00578902947863325,"11569",0.00245541281889478
0.226738260346104,0.13533113690886,"11618",0.00483483995297915
0.237136419028794,0.0249608256784219,"11717",0.00290065131206534
0.339732302357889,0.0972123051420896,"11782",0.0681427155198197
0.33060296562778,0.164578885379902,"11786",0.00180007909076722
0.245177601833191,0.212645750936854,"11860",0.00224248404828894
0.206391819820364,0.174351349360203,"11916",0.00260878490213318
0.21728942133943,0.079683066068311,"11947",0.00112712500732746
0.270105890994436,0.248796214032062,"11998",0.00219779801061427
0.206267582335135,0.0654395171437655,"12004",0.0256798712511794
0.204669819449358,0.0982271078148925,"12043",0.0185715982919301
0.229911877751383,0.105089492813263,"12102",0.00545771821002579
0.296203175559138,0.210964460212581,"12222",0.000720407608123701
0.238778894871399,0.109387978790964,"12411",0.0618538660039038
0.30178222240744,0.212438744769572,"12420",0.00104093195519238
0.374025721435663,0.0179064448539841,"12440",0.0282342462244779
0.262728295166019,0.040338861913499,"12448",0.00409567892583891
0.254025768734155,0.142558368143615,"12531",0.00995908964494654
0.225740049846809,0.17246860103385,"12535",0.00458404570590377
0.252051514806062,0.042791766985658,"12556",0.13420502739993
0.269831052647399,0.113401842390463,"12563",0.0449434568897618
0.211568010462519,0.0376541017397823,"12602",0.00677096057886783
0.249047911072679,0.233175190395852,"12657",0.000839314573489213
0.217006475223679,0.118726402247572,"12699",0.0136139267341643
0.346686793932381,0.154703447432245,"12752",0.00258870596988512
0.293027163786813,0.0788736881967598,"12771",0.0268722711150161
0.25835169435603,0.0284135630210011,"12799",0.013567983478189
0.286790892048537,0.269578877250551,"12800",0.00290230012791147
0.211917586584813,0.0554477764914771,"12894",0.0317564815582692
0.232540909359065,0.206715197862732,"13179",0.00435575944538261
0.250367641173701,0.070053981404975,"13209",0.0235281943797184
0.246601830767687,0.205439067246205,"13376",0.000827944585482488
0.262162196036053,0.107041218733606,"13402",0.0104827878780809
0.361184350348561,0.088980267635928,"13505",0.0031033298876847
0.313462467305105,0.172971302644536,"13522",0.00130856995026123
0.216273016610632,0.0619594844359953,"13566",0.164106224986814
0.278070982516477,0.115793068926781,"13678",0.00640271589072065
0.259241632331163,0.171897752683634,"13788",0.00793387336198691
0.233204848591924,0.0694969630358765,"13883",0.0070582550920771
0.255671973253767,0.0756092159029612,"13922",0.0146453126796269
0.253376778399828,0.0993599618716475,"13994",0.00223404084817742
0.233776931695211,0.0106307426770722,"14023",0.00412292029128842
0.250773073378182,0.241774089311328,"14146",0.00687135398808893
0.385523133075783,0.185317240507065,"14227",0.00315744573704208
0.265755630011666,0.157216510533652,"14284",0.00771125572223488
0.369527584597995,0.166260923077484,"14320",0.0013695200612229
0.241508992944072,0.0567742477168768,"14396",0.016280465480099
0.241744941972771,0.239536682037448,"14522",0.0193394937788232
0.202692710725053,0.16703500177979,"14550",0.0036446144799576
0.241004158669465,0.153324924316695,"14635",0.000848021763334842
0.210346661644454,0.033105434620881,"14692",0.0161953188576731
0.27074481512404,0.189546676632099,"14782",0.00155995360917774
0.239953026330889,0.0711505892674027,"14798",0.0650133702777911
0.262854778725714,0.0698447787817436,"14815",0.00136073142436593
0.238893450090923,0.172268408749095,"14937",0.0181096293913827
0.400024795695616,0.106117774100177,"15010",0.00539105334195087
0.235572875278437,0.100521338633677,"15147",0.0192992565174779
0.217815131640049,0.0421474310691438,"15367",0.00938525345879905
0.214556516684301,0.0709504518156456,"15368",0.00090192375721633
0.327340708727447,0.157614591080331,"15382",0.0013324040328815
0.200263860113125,0.166230987614118,"15433",0.00202131340307351
0.251286713228177,0.0973920873244727,"15634",0.0345941965982069
0.255567309368861,0.082076782798424,"15677",0.0105934395391297
0.292722639272203,0.181320051017836,"15852",0.00214998902274178
0.231121569508931,0.128789045956428,"15858",0.00780387676728175
0.25900084847938,0.175264353389779,"15867",0.000752185377218559
0.277374755102134,0.125019594910592,"15965",0.00964431363698481
0.264884588499136,0.0631540167600246,"15993",0.00292456196872394
0.214121252049743,0.0423658065275688,"16035",0.00511321417884124
0.205006952399118,0.179676549006139,"16067",0.00714255827489441
0.213930673264564,0.15388959258327,"16070",0.0198227747573107
0.262562349360964,0.093984315292307,"16087",0.0232278080885238
0.205468080995326,0.0150142510217139,"16098",0.0137220870189733
0.246330968545861,0.146015378996467,"16241",0.00279079215340729
0.276835761635283,0.0635330021403878,"16252",0.00615022051858925
0.259421445871191,0.219937033510895,"16308",0.000933463244676958
0.244505294500625,0.0280306595605103,"16451",0.0438119766654157
0.210016751739685,0.188953800280394,"16517",0.0103183374719139
0.235920786721797,0.0360388096156783,"16662",0.00262880222924973
0.222973197364509,0.0828988399160278,"16664",0.0425942378643074
0.21085493989917,0.0782707676780932,"16745",0.00336543755934972
0.271006755728998,0.0619918475994772,"16855",0.0132473691825072
0.242736842270838,0.123022443224077,"16871",0.00552471589729527
0.253118767282599,0.0443903946850297,"16888",0.0330230917021879
0.296770048317879,0.0649570029079789,"16912",0.0352850486818048
0.212702451011617,0.10198094803317,"16929",0.0456670154497858
0.219382484617558,0.0115890076912164,"16983",0.00198327701361099
0.235389433461186,0.126960736661966,"17075",0.015243396561557
0.283609254339385,0.113993624597068,"17082",0.00612657477366446
0.209169916079929,0.124552280919969,"17089",0.0142837761899158
0.318081160182245,0.0648058069839205,"17090",0.0135467672703682
0.307303965139192,0.163216427042705,"17255",0.00549249680201229
0.250054572131614,0.228420611908235,"17297",0.00817356211340316
0.237717305672927,0.0852573081970778,"17303",0.0259784604293132
0.335469733434209,0.168443410997419,"17332",0.00584343851983148
0.247437899890445,0.0745983110304377,"17400",0.0186557011087158
0.369905575325699,0.155995652419173,"17421",0.00855538295950279
0.250214884359004,0.195729336023081,"17591",0.00391816609744691
0.203036261656584,0.183370357937938,"17617",0.00946266694328515
0.294669086139091,0.0731526058593112,"17631",0.015340561185746
0.268501551695507,0.0598915272773689,"17677",0.0205409356407414
0.20172885000777,0.0592178477941849,"17732",0.00527080970114831
0.269570099036255,0.236686548622639,"17993",0.00370917119298779
0.269345762863911,0.237530024763998,"18045",0.0029540426545773
0.297569673900823,0.020445285373618,"18115",0.0240283086957549
0.280497808449407,0.0525272778318507,"18139",0.0170009047673975
0.247430792790524,0.0474223706437947,"18171",0.00333611190119986
0.207746868206804,0.154609890843371,"18213",0.00255273452403834
0.252722681329065,0.00326110923961642,"18274",0.00136814451780078
0.211024873862219,0.140785371042882,"18331",0.00185518007465201
0.307360225994999,0.128891154833236,"18346",0.00629029521885349
0.22978409137113,0.0759950010818928,"18398",0.000908055610031051
0.220721158501962,0.0419180845440152,"18454",0.00690406994238075
0.298269681883949,0.0861300989218629,"18461",0.00549002827422292
0.209382690073424,0.115536044986274,"18570",0.0147017277615518
0.219332610276455,0.0662402467514841,"18595",0.0209966362871947
0.226928496710241,0.215411373215034,"18665",0.00729485018670449
0.320782306711517,0.17147170059412,"18817",0.00558008606012093
0.238298544278392,0.153777619176124,"18842",0.00209973481519647
0.240538320591395,0.197825913991328,"19037",0.00116705569078013
0.217998794301548,0.096722225011607,"19040",0.0209544105405772
0.207091736338284,0.180168859289631,"19293",0.00148351234628671
0.232895347400496,0.0133504252364082,"19484",0.00641195586821436
0.268204111182357,0.0138166694052647,"19559",0.0185900316856026
0.214531570114028,0.211938581115816,"19605",0.00770579729880568
0.251917680180036,0.0415002581602567,"19652",0.0190973907284194
0.269467579895881,0.0659835297761925,"19768",0.00142672540256924
0.233780927218847,0.0373038212553846,"19839",0.0121592020559105
0.204939299325213,0.0428651704815461,"19845",0.0220793749945242
0.208271226267739,0.182158231948899,"19859",0.00661593798552714
0.336816915279415,0.0878375249717143,"19958",0.0160228164533124
0.271254860925185,0.22349145596783,"20146",0.00169259756321172
0.212900193924621,0.1145046954364,"20177",0.0164591147694875
0.234262293101218,0.184086624552646,"20198",0.000751572131920558
0.220467282971947,0.0875772074003982,"20236",0.0198078572574124
0.280509188071773,0.15101872108554,"20312",0.00156295620609811
0.247667904686693,0.140040367982993,"20733",0.0898908403465723
0.258288752332388,0.135585963600208,"20734",1.12759656286016
0.307997307892153,0.0295303557157598,"20736",0.21115715962605
0.206183822252387,0.168513412153959,"20753",0.0166245059278
0.253160571118901,0.0380669885403825,"20756",0.0419812084707405
0.254666767167787,0.0661522639183298,"20757",0.0159848225293385
0.221740232058632,0.00281706254686598,"20767",0.00558445968655821
0.285302481075073,0.0143329611918341,"20768",0.0132398778370216
0.203718384761587,0.0170968574489764,"20769",0.00380722457596697
0.272535949143329,0.0187787960550664,"20770",0.0133399371751434
0.25902687677282,0.0102517856777389,"20771",0.029261474454554
0.217033382134563,0.00111870675298797,"20772",0.00888468561326258
0.394680761386214,0.0668034828264588,"20776",0.231340271671892
0.207394433693526,0.0256604396641193,"20777",0.0939916378394854
0.285345890619905,0.0495969663195398,"20778",0.0638908522697485
0.206489807671239,0.0363501413235657,"20818",0.0525518798506639
0.511594329228327,0.0513822911249496,"20825",0.59778465721931
0.510356371130387,0.0556840859190149,"20881",0.588274350689139
0.475413781163112,0.0301891085467649,"20886",0.666239158207693
0.332534178579929,0.0319304213649696,"20903",0.021077947663669
0.303133679625628,0.00839188482891406,"20904",0.0372823085819032
0.229654628920103,0.00770820176670517,"20905",0.0128591324334556
0.447164704089095,0.0531930073704575,"20908",1.0165815546364
0.483795826646102,0.00446419340870186,"20973",0.105592738183261
0.360692229656879,0.0156923927616571,"20974",0.160803675309472
0.201648303851087,0.0569817442055287,"21045",0.565457503930338
0.216253038021447,0.00123512255523128,"21048",0.007792699031638
0.232910782691403,0.0136989151558248,"21110",0.08411881270916
0.239843929983863,0.171594549476769,"21127",0.0227095006168383
0.454757697634903,0.0461339004820677,"21272",0.124918170030931
0.42707554822593,0.00432134991982414,"21348",0.132434014535919
0.286391225694382,0.0586508860499556,"21449",0.167889331773468
0.204830985575867,0.0525838504005369,"21469",0.0396232056257109
0.46215340949458,0.0653088457259845,"21920",0.134314882504976
0.243023426856587,0.0411111427479957,"21924",0.0326223154441533
0.21154519470788,0.0648951879480458,"22406",0.0358124507529828
